"method","path","file","line","data_or_resource","sensitivity","effect","current_guard","current_role_enforcement","recommended_min_role","proposed_capability","audit_requirement","confirmation_or_idempotency"
"GET","/api/admin/dashboard","server/routes/admin.ts","596","local aggregate metrics and source status","internal aggregate","read","inherited requireAuth + requireAdmin","all admin_roles rows; role ignored","viewer","dashboard.read","not required","none"
"GET","/api/admin/posthog-stats","server/routes/admin.ts","640","local aggregate metrics and source status","internal aggregate","read","inherited requireAuth + requireAdmin","all admin_roles rows; role ignored","viewer","dashboard.read","not required","none"
"GET","/api/admin/online-now","server/routes/admin.ts","804","local aggregate metrics and source status","internal aggregate","read","inherited requireAuth + requireAdmin","all admin_roles rows; role ignored","viewer","dashboard.read","not required","none"
"GET","/api/admin/users-active-daily","server/routes/admin.ts","833","users, profiles, auth times, subscriptions, transactions, audits or activity according to route","PII, behavior and financial data","read","inherited requireAuth + requireAdmin","all admin_roles rows; role ignored","viewer","users.read","sensitive detail access log recommended","none"
"GET","/api/admin/health-band","server/routes/admin.ts","897","local aggregate metrics and source status","internal aggregate","read","inherited requireAuth + requireAdmin","all admin_roles rows; role ignored","viewer","dashboard.read","not required","none"
"GET","/api/admin/integrations/health","server/routes/admin.ts","1047","configuration availability and integration health","internal security posture, without secrets","read","inherited requireAuth + requireAdmin","all admin_roles rows; role ignored","editor","integrations.health.read","not required","none"
"GET","/api/admin/churn-risk","server/routes/admin.ts","1055","local aggregate metrics and source status","internal aggregate","read","inherited requireAuth + requireAdmin","all admin_roles rows; role ignored","viewer","dashboard.read","not required","none"
"GET","/api/admin/usage-retention","server/routes/admin.ts","1180","local aggregate metrics and source status","internal aggregate","read","inherited requireAuth + requireAdmin","all admin_roles rows; role ignored","viewer","dashboard.read","not required","none"
"GET","/api/admin/linkedin-lastro","server/routes/admin.ts","1211","local aggregate metrics and source status","internal aggregate","read","inherited requireAuth + requireAdmin","all admin_roles rows; role ignored","viewer","dashboard.read","not required","none"
"GET","/api/admin/overview","server/routes/admin.ts","1313","local aggregate metrics and source status","internal aggregate","read","inherited requireAuth + requireAdmin","all admin_roles rows; role ignored","viewer","dashboard.read","not required","none"
"GET","/api/admin/paid-funnel","server/routes/admin.ts","1571","local aggregate metrics and source status","internal aggregate","read","inherited requireAuth + requireAdmin","all admin_roles rows; role ignored","viewer","dashboard.read","not required","none"
"GET","/api/admin/overview-series","server/routes/admin.ts","1635","local aggregate metrics and source status","internal aggregate","read","inherited requireAuth + requireAdmin","all admin_roles rows; role ignored","viewer","dashboard.read","not required","none"
"GET","/api/admin/attention","server/routes/admin.ts","1744","local aggregate metrics and source status","internal aggregate","read","inherited requireAuth + requireAdmin","all admin_roles rows; role ignored","viewer","dashboard.read","not required","none"
"GET","/api/admin/billing/orphan-payments","server/routes/admin.ts","1767","open orphan payments and ledger links","financial and customer PII","read","inherited requireAuth + requireAdmin","all admin_roles rows; role ignored","viewer","finance.orphan.read","financial detail access log recommended","none"
"POST","/api/admin/billing/orphan-payments/:id/resolve","server/routes/admin.ts","1872","billing_orphan_payments and optional subscription link","financial and customer linkage","mutate","inherited requireAuth + requireAdmin","all admin_roles rows; role ignored","owner","finance.orphan.resolve","mandatory fail closed intent and result","mandatory note, confirmation and optimistic unresolved precondition"
"GET","/api/admin/signup-history","server/routes/admin.ts","2197","local aggregate metrics and source status","internal aggregate","read","inherited requireAuth + requireAdmin","all admin_roles rows; role ignored","viewer","dashboard.read","not required","none"
"GET","/api/admin/subscription-history","server/routes/admin.ts","2390","local aggregate metrics and source status","internal aggregate","read","inherited requireAuth + requireAdmin","all admin_roles rows; role ignored","viewer","dashboard.read","not required","none"
"GET","/api/admin/cancellation-reasons","server/routes/admin.ts","2573","local aggregate metrics and source status","internal aggregate","read","inherited requireAuth + requireAdmin","all admin_roles rows; role ignored","viewer","dashboard.read","not required","none"
"GET","/api/admin/me","server/routes/admin.ts","2703","authenticated admin identity and stored role","own identity","read","inherited requireAuth + requireAdmin","all admin_roles rows; role ignored","viewer","admin.session.read","not required","none"
"GET","/api/admin/content/:type","server/routes/admin.ts","2716","allowlisted content tables selected by type","public content and internal publication state","read","inherited requireAuth + requireAdmin","all admin_roles rows; role ignored","viewer","content.read","not required","none"
"GET","/api/admin/content/:type/:id","server/routes/admin.ts","2759","allowlisted content tables selected by type","public content and internal publication state","read","inherited requireAuth + requireAdmin","all admin_roles rows; role ignored","viewer","content.read","not required","none"
"POST","/api/admin/content/:type","server/routes/admin.ts","2813","allowlisted content tables selected by type","public content and internal publication state","mutate","inherited requireAuth + requireAdmin","all admin_roles rows; role ignored","editor","content.write","required, before and result; current helper is best effort after mutation","optimistic concurrency for update and explicit confirmation for delete/publish"
"PATCH","/api/admin/content/:type/:id","server/routes/admin.ts","2860","allowlisted content tables selected by type","public content and internal publication state","mutate","inherited requireAuth + requireAdmin","all admin_roles rows; role ignored","editor","content.write","required, before and result; current helper is best effort after mutation","optimistic concurrency for update and explicit confirmation for delete/publish"
"DELETE","/api/admin/content/:type/:id","server/routes/admin.ts","2929","allowlisted content tables selected by type","public content and internal publication state","mutate","inherited requireAuth + requireAdmin","all admin_roles rows; role ignored","editor","content.write","required, before and result; current helper is best effort after mutation","optimistic concurrency for update and explicit confirmation for delete/publish"
"GET","/api/admin/audit-logs","server/routes/admin.ts","2999","content_audit_logs with before/after snapshots","audit trail may contain PII and financial reasons","read","inherited requireAuth + requireAdmin","all admin_roles rows; role ignored","owner","audit.read","access to audit trail should itself be logged separately","none"
"GET","/api/admin/fiscal-invoices/summary","server/routes/admin.ts","3049","fiscal invoices and reconciliation status","fiscal and customer data, masked in list","read","inherited requireAuth + requireAdmin","all admin_roles rows; role ignored","viewer","fiscal.read","sensitive detail access log recommended","none"
"GET","/api/admin/fiscal-invoices","server/routes/admin.ts","3134","fiscal invoices and reconciliation status","fiscal and customer data, masked in list","read","inherited requireAuth + requireAdmin","all admin_roles rows; role ignored","viewer","fiscal.read","sensitive detail access log recommended","none"
"POST","/api/admin/fiscal-invoices/:id/retry","server/routes/admin.ts","3211","fiscal invoice and emission queue/provider job","critical fiscal and customer data","mutate","inherited requireAuth + requireAdmin","all admin_roles rows; role ignored","owner","fiscal.retry","mandatory fail closed with request/result; current generic helper is best effort","mandatory reason, confirmation and idempotent queue key"
"GET","/api/admin/users","server/routes/admin.ts","3349","users, profiles, auth times, subscriptions, transactions, audits or activity according to route","PII, behavior and financial data","read","inherited requireAuth + requireAdmin","all admin_roles rows; role ignored","viewer","users.read","sensitive detail access log recommended","none"
"GET","/api/admin/users/:id","server/routes/admin.ts","3633","profile, auth summary, subscriptions, cancellations, finance and creator state","PII, financial and access data","read","inherited requireAuth + requireAdmin","all admin_roles rows; role ignored","viewer","users.detail.read","sensitive detail access log recommended","none"
"POST","/api/admin/users/:id/reveal-cpf","server/routes/admin.ts","3990","full CPF from profiles","restricted PII","mutate","inherited requireAuth + requireAdmin","all admin_roles rows; role ignored","owner","users.pii.reveal","mandatory fail closed before disclosure","mandatory reason and explicit confirmation"
"POST","/api/admin/users/:id/influencer","server/routes/admin.ts","4054","creator access grant","privileged access","mutate","inherited requireAuth + requireAdmin","all admin_roles rows; role ignored","owner","creators.access.grant","mandatory fail closed with before and after","mandatory reason, confirmation and idempotent grant"
"POST","/api/admin/users/:id/influencer/revoke","server/routes/admin.ts","4162","creator access grant","privileged access","mutate","inherited requireAuth + requireAdmin","all admin_roles rows; role ignored","owner","creators.access.revoke","mandatory fail closed with before and after","mandatory reason, confirmation and last-state check"
"GET","/api/admin/creators","server/routes/admin.ts","4257","creators, linked user, subscriptions, events, commission/refund summaries","internal creator metrics","read","inherited requireAuth + requireAdmin","all admin_roles rows; role ignored","viewer","creators.read","not required","none"
"GET","/api/admin/creators/resumo","server/routes/admin.ts","4302","creators, linked user, subscriptions, events, commission/refund summaries","internal creator metrics","read","inherited requireAuth + requireAdmin","all admin_roles rows; role ignored","viewer","creators.read","not required","none"
"GET","/api/admin/creators/:userId","server/routes/admin.ts","4318","creators, linked user, subscriptions, events, commission/refund summaries","PII and financial detail","read","inherited requireAuth + requireAdmin","all admin_roles rows; role ignored","viewer","creators.read","consider sensitive detail access log","none"
"POST","/api/admin/users/:id/refunds","server/routes/admin.ts","4897","finance_transactions, provider refund state and admin_refunds","critical financial and customer data","mutate","inherited requireAuth + requireAdmin","all admin_roles rows; role ignored","owner","finance.refund","mandatory fail closed intent plus immutable result","mandatory reason, confirmation, canonical idempotency key and provider reconciliation"
"POST","/api/admin/users/:id/external-refunds","server/routes/admin.ts","5235","provider refund lookup and admin_refunds","critical financial and customer data","mutate","inherited requireAuth + requireAdmin","all admin_roles rows; role ignored","owner","finance.refund.record","mandatory fail closed intent plus immutable result","mandatory reason, confirmation and unique provider identity"
"POST","/api/admin/users/:id/subscription/revoke","server/routes/admin.ts","5575","subscription/access state and provider subscription","critical access and financial effect","mutate","inherited requireAuth + requireAdmin","all admin_roles rows; role ignored","owner","subscriptions.revoke","mandatory fail closed intent and result","mandatory reason, confirmation and idempotent terminal state"
"POST","/api/admin/users/:id/subscription/cancel","server/routes/admin.ts","5694","subscription state and Stripe cancellation","critical access and contract effect","mutate","inherited requireAuth + requireAdmin","all admin_roles rows; role ignored","owner","subscriptions.cancel","mandatory fail closed intent and result","mandatory reason, confirmation and idempotency"
"GET","/api/admin/users/:id/email-usage","server/routes/admin.ts","5827","email-linked usage counts","PII and account identity","read","inherited requireAuth + requireAdmin","all admin_roles rows; role ignored","editor","users.email_usage.read","sensitive read access log recommended","none"
"POST","/api/admin/users/:id/email","server/routes/admin.ts","5909","Auth email, profile email and provider customer email","PII and account identity","mutate","inherited requireAuth + requireAdmin","all admin_roles rows; role ignored","owner","users.identity.update","mandatory fail closed with sanitized before/after and result","mandatory reason, confirmation, optimistic precondition and recovery plan"
"PATCH","/api/admin/users/:id","server/routes/admin.ts","6084","profile, auth summary, subscriptions, cancellations, finance and creator state","PII, financial and access data","mutate","inherited requireAuth + requireAdmin","all admin_roles rows; role ignored","owner","users.profile.update","mandatory fail closed with field redaction","reason by sensitive field and optimistic updated_at precondition"
"GET","/api/admin/users/:id/transactions","server/routes/admin.ts","6217","users, profiles, auth times, subscriptions, transactions, audits or activity according to route","PII, behavior and financial data","read","inherited requireAuth + requireAdmin","all admin_roles rows; role ignored","viewer","users.read","financial detail access log recommended","none"
"GET","/api/admin/users/:id/audit","server/routes/admin.ts","6304","users, profiles, auth times, subscriptions, transactions, audits or activity according to route","PII, behavior and financial data","read","inherited requireAuth + requireAdmin","all admin_roles rows; role ignored","viewer","users.read","access to audit history should be logged","none"
"GET","/api/admin/users/:id/activity","server/routes/admin.ts","6407","users, profiles, auth times, subscriptions, transactions, audits or activity according to route","PII, behavior and financial data","read","inherited requireAuth + requireAdmin","all admin_roles rows; role ignored","viewer","users.read","sensitive detail access log recommended","none"
"GET","/api/admin/users/:id/site-life","server/routes/admin.ts","6436","users, profiles, auth times, subscriptions, transactions, audits or activity according to route","PII, behavior and financial data","read","inherited requireAuth + requireAdmin","all admin_roles rows; role ignored","viewer","users.read","sensitive detail access log recommended","none"
"GET","/api/admin/subscriptions","server/routes/admin.ts","6466","subscriptions, registered financial movements, MRR/churn, expenses or FX","financial, sometimes customer-level","read","inherited requireAuth + requireAdmin","all admin_roles rows; role ignored","viewer","finance.read","not required","none"
"GET","/api/admin/subscribers","server/routes/admin.ts","6505","subscriptions, registered financial movements, MRR/churn, expenses or FX","financial, sometimes customer-level","read","inherited requireAuth + requireAdmin","all admin_roles rows; role ignored","viewer","finance.read","not required","none"
"GET","/api/admin/billing-metrics","server/routes/admin.ts","6562","subscriptions, registered financial movements, MRR/churn, expenses or FX","financial, sometimes customer-level","read","inherited requireAuth + requireAdmin","all admin_roles rows; role ignored","viewer","finance.read","not required","none"
"GET","/api/admin/finance/summary","server/routes/admin.ts","6798","subscriptions, registered financial movements, MRR/churn, expenses or FX","financial, sometimes customer-level","read","inherited requireAuth + requireAdmin","all admin_roles rows; role ignored","viewer","finance.read","not required","none"
"GET","/api/admin/finance/timeseries","server/routes/admin.ts","6822","subscriptions, registered financial movements, MRR/churn, expenses or FX","financial, sometimes customer-level","read","inherited requireAuth + requireAdmin","all admin_roles rows; role ignored","viewer","finance.read","not required","none"
"GET","/api/admin/finance/transactions","server/routes/admin.ts","6840","subscriptions, registered financial movements, MRR/churn, expenses or FX","financial, sometimes customer-level","read","inherited requireAuth + requireAdmin","all admin_roles rows; role ignored","viewer","finance.read","financial detail access log recommended","none"
"GET","/api/admin/finance/expenses","server/routes/admin.ts","6874","expense ledger and FX conversion","financial","read","inherited requireAuth + requireAdmin","all admin_roles rows; role ignored","viewer","finance.read","not required","none"
"POST","/api/admin/finance/expenses","server/routes/admin.ts","6906","expense ledger and FX conversion","financial","mutate","inherited requireAuth + requireAdmin","all admin_roles rows; role ignored","owner","finance.expenses.write","mandatory immutable before/result; currently absent","reason, confirmation for delete, optimistic concurrency and idempotency for create"
"PATCH","/api/admin/finance/expenses/:id","server/routes/admin.ts","6923","expense ledger and FX conversion","financial","mutate","inherited requireAuth + requireAdmin","all admin_roles rows; role ignored","owner","finance.expenses.write","mandatory immutable before/result; currently absent","reason, confirmation for delete, optimistic concurrency and idempotency for create"
"DELETE","/api/admin/finance/expenses/:id","server/routes/admin.ts","6945","expense ledger and FX conversion","financial","mutate","inherited requireAuth + requireAdmin","all admin_roles rows; role ignored","owner","finance.expenses.write","mandatory immutable before/result; currently absent","reason, confirmation for delete, optimistic concurrency and idempotency for create"
"POST","/api/admin/finance/sync","server/routes/admin.ts","6960","Stripe balance transactions into local ledger","critical provider operation and financial data","mutate","inherited requireAuth + requireAdmin","all admin_roles rows; role ignored","owner","finance.sync","mandatory request/result","confirmation, single flight and idempotent provider transaction identity"
"GET","/api/admin/finance/fx-preview","server/routes/admin.ts","6971","subscriptions, registered financial movements, MRR/churn, expenses or FX","financial, sometimes customer-level","read","inherited requireAuth + requireAdmin","all admin_roles rows; role ignored","viewer","finance.read","not required","none"
"GET","/api/admin/ai-stats","server/routes/admin.ts","7067","AI usage, cost and per-user aggregates","internal cost metrics","read","inherited requireAuth + requireAdmin","all admin_roles rows; role ignored","viewer","ai.cost.read","not required","none"
"GET","/api/admin/ai-cost-per-user","server/routes/admin.ts","7097","AI usage, cost and per-user aggregates","behavioral PII and estimated cost","read","inherited requireAuth + requireAdmin","all admin_roles rows; role ignored","viewer","ai.cost.read","sensitive detail access log recommended","none"
"GET","/api/admin/ai-usage-summary","server/routes/admin.ts","7185","AI usage, cost and per-user aggregates","internal cost metrics","read","inherited requireAuth + requireAdmin","all admin_roles rows; role ignored","viewer","ai.cost.read","not required","none"
"GET","/api/admin/affiliates-stats","server/routes/admin.ts","7217","affiliate metrics and linked profiles","commission and PII","read","inherited requireAuth + requireAdmin","all admin_roles rows; role ignored","viewer","creators.read","not required for aggregate","none"
"GET","/api/admin/avatar-reports","server/routes/admin.ts","7299","profiles and avatar moderation reports","user-generated image moderation and reporter IDs","read","inherited requireAuth + requireAdmin","all admin_roles rows; role ignored","viewer","users.avatar_reports.read","sensitive moderation access log recommended","none"
"POST","/api/admin/avatar-reports/:userId/restore","server/routes/admin.ts","7365","profiles and avatar moderation reports","user-generated image moderation and reporter IDs","mutate","inherited requireAuth + requireAdmin","all admin_roles rows; role ignored","editor","users.avatar.moderate","required with actor and result; table columns exist but no unified audit","confirmation and idempotent status transition"
"POST","/api/admin/avatar-reports/:userId/confirm","server/routes/admin.ts","7401","profiles and avatar moderation reports","user-generated image moderation and reporter IDs","mutate","inherited requireAuth + requireAdmin","all admin_roles rows; role ignored","editor","users.avatar.moderate","required with actor and result; table columns exist but no unified audit","confirmation and idempotent status transition"
"GET","/api/admin/newsletter/subscribers","server/routes/admin.ts","7453","subscriptions, registered financial movements, MRR/churn, expenses or FX","financial, sometimes customer-level","read","inherited requireAuth + requireAdmin","all admin_roles rows; role ignored","viewer","finance.read","not required","none"
"POST","/api/admin/email-campaigns","server/routes/adminEmailCampaigns.ts","157","email campaigns, batches, recipients, suppression and audience eligibility","campaign content and delivery counters","mutate","inherited requireAuth + requireAdmin","all admin_roles rows; role ignored","editor","email.campaign.write","required with audience, reason and result; current route has no unified audit","optimistic concurrency; confirm delete"
"GET","/api/admin/email-campaigns","server/routes/adminEmailCampaigns.ts","247","email campaigns, batches, recipients, suppression and audience eligibility","campaign content and delivery counters","read","inherited requireAuth + requireAdmin","all admin_roles rows; role ignored","viewer","email.campaign.read","not required","none"
"GET","/api/admin/email-campaigns/audience-count","server/routes/adminEmailCampaigns.ts","275","email campaigns, batches, recipients, suppression and audience eligibility","campaign content and delivery counters","read","inherited requireAuth + requireAdmin","all admin_roles rows; role ignored","viewer","email.campaign.read","not required","none"
"GET","/api/admin/email-campaigns/audience-recipients","server/routes/adminEmailCampaigns.ts","457","email campaigns, batches, recipients, suppression and audience eligibility","PII email and external communication","read","inherited requireAuth + requireAdmin","all admin_roles rows; role ignored","owner","email.recipients.read","sensitive read access must be audited","none"
"GET","/api/admin/email-campaigns/:id","server/routes/adminEmailCampaigns.ts","648","email campaigns, batches, recipients, suppression and audience eligibility","campaign content and delivery counters","read","inherited requireAuth + requireAdmin","all admin_roles rows; role ignored","viewer","email.campaign.read","not required","none"
"PATCH","/api/admin/email-campaigns/:id","server/routes/adminEmailCampaigns.ts","696","email campaigns, batches, recipients, suppression and audience eligibility","campaign content and delivery counters","mutate","inherited requireAuth + requireAdmin","all admin_roles rows; role ignored","editor","email.campaign.write","required with audience, reason and result; current route has no unified audit","optimistic concurrency; confirm delete"
"DELETE","/api/admin/email-campaigns/:id","server/routes/adminEmailCampaigns.ts","815","email campaigns, batches, recipients, suppression and audience eligibility","campaign content and delivery counters","mutate","inherited requireAuth + requireAdmin","all admin_roles rows; role ignored","editor","email.campaign.write","required with audience, reason and result; current route has no unified audit","optimistic concurrency; confirm delete"
"GET","/api/admin/email-campaigns/:id/recipients","server/routes/adminEmailCampaigns.ts","971","email campaigns, batches, recipients, suppression and audience eligibility","PII email and external communication","read","inherited requireAuth + requireAdmin","all admin_roles rows; role ignored","owner","email.recipients.read","sensitive read access must be audited","none"
"POST","/api/admin/email-campaigns/:id/test","server/routes/adminEmailCampaigns.ts","1038","email campaigns, batches, recipients, suppression and audience eligibility","PII email and external communication","mutate","inherited requireAuth + requireAdmin","all admin_roles rows; role ignored","owner","email.send","required with audience, reason and result; current route has no unified audit","explicit confirmation, idempotency key and send result correlation"
"POST","/api/admin/email-campaigns/:id/batches","server/routes/adminEmailCampaigns.ts","1118","email campaigns, batches, recipients, suppression and audience eligibility","PII email and external communication","mutate","inherited requireAuth + requireAdmin","all admin_roles rows; role ignored","owner","email.send","required with audience, reason and result; current route has no unified audit","explicit confirmation, idempotency key and send result correlation"
"DELETE","/api/admin/email-campaigns/:id/batches/:batchId","server/routes/adminEmailCampaigns.ts","1529","email campaigns, batches, recipients, suppression and audience eligibility","PII email and external communication","mutate","inherited requireAuth + requireAdmin","all admin_roles rows; role ignored","owner","email.send","required with audience, reason and result; current route has no unified audit","explicit confirmation, idempotency key and send result correlation"
"POST","/api/admin/contact-lists/preview","server/routes/adminContactLists.ts","65","contact lists and member emails","PII and exportable contact data","mutate","inherited requireAuth + requireAdmin","all admin_roles rows; role ignored","owner","contacts.write","required before and after mutation; currently absent","confirmation for import/delete and idempotent import"
"POST","/api/admin/contact-lists","server/routes/adminContactLists.ts","83","contact lists and member emails","PII and exportable contact data","mutate","inherited requireAuth + requireAdmin","all admin_roles rows; role ignored","owner","contacts.write","required before and after mutation; currently absent","confirmation for import/delete and idempotent import"
"GET","/api/admin/contact-lists","server/routes/adminContactLists.ts","208","contact lists and member emails","PII and exportable contact data","read","inherited requireAuth + requireAdmin","all admin_roles rows; role ignored","owner","contacts.read","audit detail/export access","none"
"GET","/api/admin/contact-lists/:id","server/routes/adminContactLists.ts","266","contact lists and member emails","PII and exportable contact data","read","inherited requireAuth + requireAdmin","all admin_roles rows; role ignored","owner","contacts.read","audit detail/export access","none"
"DELETE","/api/admin/contact-lists/:id","server/routes/adminContactLists.ts","326","contact lists and member emails","PII and exportable contact data","mutate","inherited requireAuth + requireAdmin","all admin_roles rows; role ignored","owner","contacts.write","required before and after mutation; currently absent","confirmation for import/delete and idempotent import"
"GET","/api/admin/contact-lists/:id/export","server/routes/adminContactLists.ts","354","contact lists and member emails","PII and exportable contact data","read","inherited requireAuth + requireAdmin","all admin_roles rows; role ignored","owner","contacts.read","audit detail/export access","none"
"GET","/api/admin/notifications","server/routes/adminNotifications.ts","426","notifications, recipient snapshots and read statistics","communications and audience metadata","read","inherited requireAuth + requireAdmin","all admin_roles rows; role ignored","viewer","communications.read","not required","none"
"POST","/api/admin/notifications","server/routes/adminNotifications.ts","486","notifications, recipient snapshots and read statistics","communications and audience metadata","mutate","inherited requireAuth + requireAdmin","all admin_roles rows; role ignored","editor","communications.draft.write","required, including status transition and audience; currently no unified audit","optimistic concurrency for draft edits"
"PATCH","/api/admin/notifications/:id","server/routes/adminNotifications.ts","599","notifications, recipient snapshots and read statistics","communications and audience metadata","mutate","inherited requireAuth + requireAdmin","all admin_roles rows; role ignored","editor","communications.draft.write","required, including status transition and audience; currently no unified audit","optimistic concurrency for draft edits"
"GET","/api/admin/notifications/audience-preview","server/routes/adminNotifications.ts","837","notifications, recipient snapshots and read statistics","communications and audience metadata","read","inherited requireAuth + requireAdmin","all admin_roles rows; role ignored","viewer","communications.read","not required","none"
"POST","/api/admin/notifications/:id/publish","server/routes/adminNotifications.ts","968","notifications, recipient snapshots and read statistics","communications and audience metadata","mutate","inherited requireAuth + requireAdmin","all admin_roles rows; role ignored","owner","communications.publish","required, including status transition and audience; currently no unified audit","confirmation, reason for publish/archive and idempotent transition"
"POST","/api/admin/notifications/:id/schedule","server/routes/adminNotifications.ts","1094","notifications, recipient snapshots and read statistics","communications and audience metadata","mutate","inherited requireAuth + requireAdmin","all admin_roles rows; role ignored","owner","communications.publish","required, including status transition and audience; currently no unified audit","confirmation, reason for publish/archive and idempotent transition"
"POST","/api/admin/notifications/:id/unschedule","server/routes/adminNotifications.ts","1194","notifications, recipient snapshots and read statistics","communications and audience metadata","mutate","inherited requireAuth + requireAdmin","all admin_roles rows; role ignored","owner","communications.publish","required, including status transition and audience; currently no unified audit","confirmation, reason for publish/archive and idempotent transition"
"POST","/api/admin/notifications/:id/archive","server/routes/adminNotifications.ts","1248","notifications, recipient snapshots and read statistics","communications and audience metadata","mutate","inherited requireAuth + requireAdmin","all admin_roles rows; role ignored","owner","communications.publish","required, including status transition and audience; currently no unified audit","confirmation, reason for publish/archive and idempotent transition"
"GET","/api/admin/notifications/:id/stats","server/routes/adminNotifications.ts","1299","notifications, recipient snapshots and read statistics","communications and audience metadata","read","inherited requireAuth + requireAdmin","all admin_roles rows; role ignored","viewer","communications.read","not required","none"
"GET","/api/admin/notifications/:id/recipients","server/routes/adminNotifications.ts","1441","notifications, recipient snapshots and read statistics","PII email list","read","inherited requireAuth + requireAdmin","all admin_roles rows; role ignored","owner","communications.recipients.read","sensitive read access must be audited","none"
"GET","/api/admin/bugs","server/routes/adminBugs.ts","94","local admin bugs and Sentry-linked metadata","internal errors","read","inherited requireAuth + requireAdmin","all admin_roles rows; role ignored","viewer","bugs.read","not required","disabled"
"POST","/api/admin/bugs","server/routes/adminBugs.ts","143","local admin bugs and Sentry-linked metadata","internal errors","mutate","inherited requireAuth + requireAdmin","all admin_roles rows; role ignored","owner","bugs.write.disabled","route is deliberately disabled with 410","disabled"
"PATCH","/api/admin/bugs/:id","server/routes/adminBugs.ts","144","local admin bugs and Sentry-linked metadata","internal errors","mutate","inherited requireAuth + requireAdmin","all admin_roles rows; role ignored","owner","bugs.write.disabled","route is deliberately disabled with 410","disabled"
"DELETE","/api/admin/bugs/:id","server/routes/adminBugs.ts","145","local admin bugs and Sentry-linked metadata","internal errors","mutate","inherited requireAuth + requireAdmin","all admin_roles rows; role ignored","owner","bugs.write.disabled","route is deliberately disabled with 410","disabled"
"GET","/api/admin/crm/boards","server/routes/adminTasks.ts","607","admin task boards, columns, tasks, labels, comments, checklist and activity","internal operations, assignees and Sentry metadata","read","inherited requireAuth + requireAdmin","all admin_roles rows; role ignored","viewer","crm.read","read access log only for sensitive Sentry payloads","none"
"POST","/api/admin/crm/boards","server/routes/adminTasks.ts","633","admin task boards, columns, tasks, labels, comments, checklist and activity","internal operations, assignees and Sentry metadata","mutate","inherited requireAuth + requireAdmin","all admin_roles rows; role ignored","editor","crm.write","required; actor columns/activity exist but no unified immutable audit","optimistic concurrency or idempotency according to action; confirm destructive delete"
"PATCH","/api/admin/crm/boards/:id","server/routes/adminTasks.ts","676","admin task boards, columns, tasks, labels, comments, checklist and activity","internal operations, assignees and Sentry metadata","mutate","inherited requireAuth + requireAdmin","all admin_roles rows; role ignored","editor","crm.write","required; actor columns/activity exist but no unified immutable audit","optimistic concurrency or idempotency according to action; confirm destructive delete"
"DELETE","/api/admin/crm/boards/:id","server/routes/adminTasks.ts","714","admin task boards, columns, tasks, labels, comments, checklist and activity","internal operations, assignees and Sentry metadata","mutate","inherited requireAuth + requireAdmin","all admin_roles rows; role ignored","editor","crm.write","required; actor columns/activity exist but no unified immutable audit","optimistic concurrency or idempotency according to action; confirm destructive delete"
"GET","/api/admin/crm/boards/:id/snapshot","server/routes/adminTasks.ts","749","admin task boards, columns, tasks, labels, comments, checklist and activity","internal operations, assignees and Sentry metadata","read","inherited requireAuth + requireAdmin","all admin_roles rows; role ignored","viewer","crm.read","read access log only for sensitive Sentry payloads","none"
"POST","/api/admin/crm/columns","server/routes/adminTasks.ts","916","admin task boards, columns, tasks, labels, comments, checklist and activity","internal operations, assignees and Sentry metadata","mutate","inherited requireAuth + requireAdmin","all admin_roles rows; role ignored","editor","crm.write","required; actor columns/activity exist but no unified immutable audit","optimistic concurrency or idempotency according to action; confirm destructive delete"
"PATCH","/api/admin/crm/columns/reorder","server/routes/adminTasks.ts","960","admin task boards, columns, tasks, labels, comments, checklist and activity","internal operations, assignees and Sentry metadata","mutate","inherited requireAuth + requireAdmin","all admin_roles rows; role ignored","editor","crm.write","required; actor columns/activity exist but no unified immutable audit","optimistic concurrency or idempotency according to action; confirm destructive delete"
"PATCH","/api/admin/crm/columns/:id","server/routes/adminTasks.ts","1040","admin task boards, columns, tasks, labels, comments, checklist and activity","internal operations, assignees and Sentry metadata","mutate","inherited requireAuth + requireAdmin","all admin_roles rows; role ignored","editor","crm.write","required; actor columns/activity exist but no unified immutable audit","optimistic concurrency or idempotency according to action; confirm destructive delete"
"DELETE","/api/admin/crm/columns/:id","server/routes/adminTasks.ts","1072","admin task boards, columns, tasks, labels, comments, checklist and activity","internal operations, assignees and Sentry metadata","mutate","inherited requireAuth + requireAdmin","all admin_roles rows; role ignored","editor","crm.write","required; actor columns/activity exist but no unified immutable audit","optimistic concurrency or idempotency according to action; confirm destructive delete"
"POST","/api/admin/crm/tasks","server/routes/adminTasks.ts","1184","admin task boards, columns, tasks, labels, comments, checklist and activity","internal operations, assignees and Sentry metadata","mutate","inherited requireAuth + requireAdmin","all admin_roles rows; role ignored","editor","crm.write","required; actor columns/activity exist but no unified immutable audit","optimistic concurrency or idempotency according to action; confirm destructive delete"
"GET","/api/admin/crm/tasks/:id","server/routes/adminTasks.ts","1259","admin task boards, columns, tasks, labels, comments, checklist and activity","internal operations, assignees and Sentry metadata","read","inherited requireAuth + requireAdmin","all admin_roles rows; role ignored","viewer","crm.read","read access log only for sensitive Sentry payloads","none"
"GET","/api/admin/crm/tasks/:id/activity","server/routes/adminTasks.ts","1327","admin task boards, columns, tasks, labels, comments, checklist and activity","internal operations, assignees and Sentry metadata","read","inherited requireAuth + requireAdmin","all admin_roles rows; role ignored","viewer","crm.read","read access log only for sensitive Sentry payloads","none"
"PATCH","/api/admin/crm/tasks/:id","server/routes/adminTasks.ts","1364","admin task boards, columns, tasks, labels, comments, checklist and activity","internal operations, assignees and Sentry metadata","mutate","inherited requireAuth + requireAdmin","all admin_roles rows; role ignored","editor","crm.write","required; actor columns/activity exist but no unified immutable audit","optimistic concurrency or idempotency according to action; confirm destructive delete"
"PATCH","/api/admin/crm/tasks/:id/move","server/routes/adminTasks.ts","1488","admin task boards, columns, tasks, labels, comments, checklist and activity","internal operations, assignees and Sentry metadata","mutate","inherited requireAuth + requireAdmin","all admin_roles rows; role ignored","editor","crm.write","required; actor columns/activity exist but no unified immutable audit","optimistic concurrency or idempotency according to action; confirm destructive delete"
"DELETE","/api/admin/crm/tasks/:id","server/routes/adminTasks.ts","1624","admin task boards, columns, tasks, labels, comments, checklist and activity","internal operations, assignees and Sentry metadata","mutate","inherited requireAuth + requireAdmin","all admin_roles rows; role ignored","editor","crm.write","required; actor columns/activity exist but no unified immutable audit","optimistic concurrency or idempotency according to action; confirm destructive delete"
"POST","/api/admin/crm/labels","server/routes/adminTasks.ts","1656","admin task boards, columns, tasks, labels, comments, checklist and activity","internal operations, assignees and Sentry metadata","mutate","inherited requireAuth + requireAdmin","all admin_roles rows; role ignored","editor","crm.write","required; actor columns/activity exist but no unified immutable audit","optimistic concurrency or idempotency according to action; confirm destructive delete"
"PATCH","/api/admin/crm/labels/:id","server/routes/adminTasks.ts","1708","admin task boards, columns, tasks, labels, comments, checklist and activity","internal operations, assignees and Sentry metadata","mutate","inherited requireAuth + requireAdmin","all admin_roles rows; role ignored","editor","crm.write","required; actor columns/activity exist but no unified immutable audit","optimistic concurrency or idempotency according to action; confirm destructive delete"
"DELETE","/api/admin/crm/labels/:id","server/routes/adminTasks.ts","1749","admin task boards, columns, tasks, labels, comments, checklist and activity","internal operations, assignees and Sentry metadata","mutate","inherited requireAuth + requireAdmin","all admin_roles rows; role ignored","editor","crm.write","required; actor columns/activity exist but no unified immutable audit","optimistic concurrency or idempotency according to action; confirm destructive delete"
"POST","/api/admin/crm/tasks/:id/labels","server/routes/adminTasks.ts","1777","admin task boards, columns, tasks, labels, comments, checklist and activity","internal operations, assignees and Sentry metadata","mutate","inherited requireAuth + requireAdmin","all admin_roles rows; role ignored","editor","crm.write","required; actor columns/activity exist but no unified immutable audit","optimistic concurrency or idempotency according to action; confirm destructive delete"
"DELETE","/api/admin/crm/tasks/:id/labels/:labelId","server/routes/adminTasks.ts","1827","admin task boards, columns, tasks, labels, comments, checklist and activity","internal operations, assignees and Sentry metadata","mutate","inherited requireAuth + requireAdmin","all admin_roles rows; role ignored","editor","crm.write","required; actor columns/activity exist but no unified immutable audit","optimistic concurrency or idempotency according to action; confirm destructive delete"
"POST","/api/admin/crm/tasks/:id/comments","server/routes/adminTasks.ts","1873","admin task boards, columns, tasks, labels, comments, checklist and activity","internal operations, assignees and Sentry metadata","mutate","inherited requireAuth + requireAdmin","all admin_roles rows; role ignored","editor","crm.write","required; actor columns/activity exist but no unified immutable audit","optimistic concurrency or idempotency according to action; confirm destructive delete"
"PATCH","/api/admin/crm/comments/:id","server/routes/adminTasks.ts","1909","admin task boards, columns, tasks, labels, comments, checklist and activity","internal operations, assignees and Sentry metadata","mutate","inherited requireAuth + requireAdmin","all admin_roles rows; role ignored","editor","crm.write","required; actor columns/activity exist but no unified immutable audit","optimistic concurrency or idempotency according to action; confirm destructive delete"
"DELETE","/api/admin/crm/comments/:id","server/routes/adminTasks.ts","1952","admin task boards, columns, tasks, labels, comments, checklist and activity","internal operations, assignees and Sentry metadata","mutate","inherited requireAuth + requireAdmin","all admin_roles rows; role ignored","editor","crm.write","required; actor columns/activity exist but no unified immutable audit","optimistic concurrency or idempotency according to action; confirm destructive delete"
"POST","/api/admin/crm/tasks/:id/checklist","server/routes/adminTasks.ts","1991","admin task boards, columns, tasks, labels, comments, checklist and activity","internal operations, assignees and Sentry metadata","mutate","inherited requireAuth + requireAdmin","all admin_roles rows; role ignored","editor","crm.write","required; actor columns/activity exist but no unified immutable audit","optimistic concurrency or idempotency according to action; confirm destructive delete"
"PATCH","/api/admin/crm/checklist/:id","server/routes/adminTasks.ts","2028","admin task boards, columns, tasks, labels, comments, checklist and activity","internal operations, assignees and Sentry metadata","mutate","inherited requireAuth + requireAdmin","all admin_roles rows; role ignored","editor","crm.write","required; actor columns/activity exist but no unified immutable audit","optimistic concurrency or idempotency according to action; confirm destructive delete"
"DELETE","/api/admin/crm/checklist/:id","server/routes/adminTasks.ts","2059","admin task boards, columns, tasks, labels, comments, checklist and activity","internal operations, assignees and Sentry metadata","mutate","inherited requireAuth + requireAdmin","all admin_roles rows; role ignored","editor","crm.write","required; actor columns/activity exist but no unified immutable audit","optimistic concurrency or idempotency according to action; confirm destructive delete"
"PATCH","/api/admin/crm/tasks/:id/checklist/reorder","server/routes/adminTasks.ts","2087","admin task boards, columns, tasks, labels, comments, checklist and activity","internal operations, assignees and Sentry metadata","mutate","inherited requireAuth + requireAdmin","all admin_roles rows; role ignored","editor","crm.write","required; actor columns/activity exist but no unified immutable audit","optimistic concurrency or idempotency according to action; confirm destructive delete"
"GET","/api/vagas/admin","server/routes/vagas.ts","238","manual external_jobs records","public job content and author ID","read","validateSupabaseJwt + route requireAdmin","all admin_roles rows; role ignored","viewer","jobs.read","not required","none"
"POST","/api/vagas/admin","server/routes/vagas.ts","442","manual external_jobs records","public job content and author ID","mutate","validateSupabaseJwt + route requireAdmin","all admin_roles rows; role ignored","editor","jobs.write","required; created_by exists but no immutable audit","optimistic concurrency for patch; confirm publication changes"
"PATCH","/api/vagas/admin/:id","server/routes/vagas.ts","489","manual external_jobs records","public job content and author ID","mutate","validateSupabaseJwt + route requireAdmin","all admin_roles rows; role ignored","editor","jobs.write","required; created_by exists but no immutable audit","optimistic concurrency for patch; confirm publication changes"
